-- phpMyAdmin SQL Dump
-- version 4.8.3
-- https://www.phpmyadmin.net/
--
-- Host: localhost:3306
-- Generation Time: Apr 28, 2019 at 10:05 PM
-- Server version: 5.7.26
-- PHP Version: 7.2.7

SET SQL_MODE = "NO_AUTO_VALUE_ON_ZERO";
SET AUTOCOMMIT = 0;
START TRANSACTION;
SET time_zone = "+00:00";


/*!40101 SET @OLD_CHARACTER_SET_CLIENT=@@CHARACTER_SET_CLIENT */;
/*!40101 SET @OLD_CHARACTER_SET_RESULTS=@@CHARACTER_SET_RESULTS */;
/*!40101 SET @OLD_COLLATION_CONNECTION=@@COLLATION_CONNECTION */;
/*!40101 SET NAMES utf8mb4 */;

--
-- Database: `neozik03_zien`
--

-- --------------------------------------------------------

--
-- Table structure for table `events`
--

CREATE TABLE `events` (
  `eventID` int(11) NOT NULL,
  `title` varchar(100) NOT NULL,
  `description` varchar(200) NOT NULL,
  `remark` varchar(200) NOT NULL,
  `activities_type` varchar(100) NOT NULL,
  `organise_by` int(11) NOT NULL,
  `activities_start_date` varchar(255) NOT NULL,
  `activities_end_date` varchar(255) NOT NULL
) ENGINE=InnoDB DEFAULT CHARSET=latin1;

--
-- Dumping data for table `events`
--

INSERT INTO `events` (`eventID`, `title`, `description`, `remark`, `activities_type`, `organise_by`, `activities_start_date`, `activities_end_date`) VALUES
(1, 'Test Title', 'Test Desc', 'Test Remark', '0', 1, '2019-04-01~ 01:00 AM', '2019-04-01~ 02:00 AM'),
(2, 'Test Title', 'Test Desc', 'Test Remark', '1', 1, '2019-04-01~ 01:00 AM', '2019-04-01~ 02:00 AM'),
(3, 'Test Title', 'Test Desc', 'Test Remark', '2', 1, '2019-04-01~ 01:00 AM', '2019-04-01~ 02:00 AM'),
(4, 'Test Title', 'Test Desc', 'Test Remark', '3', 1, '2019-04-01~ 01:00 AM', '2019-04-01~ 02:00 AM'),
(5, 'Test Title', 'Test Desc', 'Test Remark', '0', 1, '2019-04-02~ 01:00 AM', '2019-04-02~ 02:00 AM'),
(6, 'Test Title', 'Test Desc', 'Test Remark', '1', 1, '2019-04-02~ 01:00 AM', '2019-04-02~ 02:00 AM'),
(7, 'Test Title', 'Test Desc', 'Test Remark', '2', 1, '2019-04-02~ 01:00 AM', '2019-04-02~ 02:00 AM'),
(8, 'Test Title', 'Test Desc', 'Test Remark', '3', 1, '2019-04-02~ 01:00 AM', '2019-04-02~ 02:00 AM'),
(9, 'Test Title', 'Test Desc', 'Test Remark', '0', 1, '2019-04-03~ 01:00 AM', '2019-04-03~ 02:00 AM'),
(10, 'Test Title', 'Test Desc', 'Test Remark', '1', 1, '2019-04-03~ 01:00 AM', '2019-04-03~ 02:00 AM'),
(11, 'Test Title', 'Test Desc', 'Test Remark', '2', 1, '2019-04-03~ 01:00 AM', '2019-04-03~ 02:00 AM'),
(12, 'Test Title', 'Test Desc', 'Test Remark', '3', 1, '2019-04-03~ 01:00 AM', '2019-04-03~ 02:00 AM'),
(13, 'Test Title', 'Test Desc', 'Test Remark', '0', 1, '2019-04-04~ 01:00 AM', '2019-04-04~ 02:00 AM'),
(14, 'Test Title', 'Test Desc', 'Test Remark', '1', 1, '2019-04-04~ 01:00 AM', '2019-04-04~ 02:00 AM'),
(15, 'Test Title', 'Test Desc', 'Test Remark', '2', 1, '2019-04-04~ 01:00 AM', '2019-04-04~ 02:00 AM'),
(16, 'Test Title', 'Test Desc', 'Test Remark', '3', 1, '2019-04-04~ 01:00 AM', '2019-04-04~ 02:00 AM'),
(17, 'Test Title', 'Test Desc', 'Test Remark', '0', 1, '2019-04-05~ 01:00 AM', '2019-04-05~ 02:00 AM'),
(18, 'Test Title', 'Test Desc', 'Test Remark', '1', 1, '2019-04-05~ 01:00 AM', '2019-04-05~ 02:00 AM'),
(19, 'Test Title', 'Test Desc', 'Test Remark', '2', 1, '2019-04-05~ 01:00 AM', '2019-04-05~ 02:00 AM'),
(20, 'Test Title', 'Test Desc', 'Test Remark', '3', 1, '2019-04-05~ 01:00 AM', '2019-04-05~ 02:00 AM'),
(21, 'Test Title', 'Test Desc', 'Test Remark', '0', 1, '2019-04-06~ 01:00 AM', '2019-04-06~ 02:00 AM'),
(22, 'Test Title', 'Test Desc', 'Test Remark', '1', 1, '2019-04-06~ 01:00 AM', '2019-04-06~ 02:00 AM'),
(23, 'Test Title', 'Test Desc', 'Test Remark', '2', 1, '2019-04-06~ 01:00 AM', '2019-04-06~ 02:00 AM'),
(24, 'Test Title', 'Test Desc', 'Test Remark', '3', 1, '2019-04-06~ 01:00 AM', '2019-04-06~ 02:00 AM'),
(25, 'Test Title', 'Test Desc', 'Test Remark', '0', 1, '2019-04-07~ 01:00 AM', '2019-04-07~ 02:00 AM'),
(26, 'Test Title', 'Test Desc', 'Test Remark', '1', 1, '2019-04-07~ 01:00 AM', '2019-04-07~ 02:00 AM'),
(27, 'Test Title', 'Test Desc', 'Test Remark', '2', 1, '2019-04-07~ 01:00 AM', '2019-04-07~ 02:00 AM'),
(28, 'Test Title', 'Test Desc', 'Test Remark', '3', 1, '2019-04-07~ 01:00 AM', '2019-04-07~ 02:00 AM'),
(29, 'Test Title', 'Test Desc', 'Test Remark', '0', 1, '2019-04-08~ 01:00 AM', '2019-04-08~ 02:00 AM'),
(30, 'Test Title', 'Test Desc', 'Test Remark', '1', 1, '2019-04-08~ 01:00 AM', '2019-04-08~ 02:00 AM'),
(31, 'Test Title', 'Test Desc', 'Test Remark', '2', 1, '2019-04-08~ 01:00 AM', '2019-04-08~ 02:00 AM'),
(32, 'Test Title', 'Test Desc', 'Test Remark', '3', 1, '2019-04-08~ 01:00 AM', '2019-04-08~ 02:00 AM'),
(33, 'Test Title', 'Test Desc', 'Test Remark', '0', 1, '2019-04-09~ 01:00 AM', '2019-04-09~ 02:00 AM'),
(34, 'Test Title', 'Test Desc', 'Test Remark', '1', 1, '2019-04-09~ 01:00 AM', '2019-04-09~ 02:00 AM'),
(35, 'Test Title', 'Test Desc', 'Test Remark', '2', 1, '2019-04-09~ 01:00 AM', '2019-04-09~ 02:00 AM'),
(36, 'Test Title', 'Test Desc', 'Test Remark', '3', 1, '2019-04-09~ 01:00 AM', '2019-04-09~ 02:00 AM'),
(37, 'Test Title', 'Test Desc', 'Test Remark', '0', 1, '2019-04-10~ 01:00 AM', '2019-04-10~ 02:00 AM'),
(38, 'Test Title', 'Test Desc', 'Test Remark', '1', 1, '2019-04-10~ 01:00 AM', '2019-04-10~ 02:00 AM'),
(39, 'Test Title', 'Test Desc', 'Test Remark', '2', 1, '2019-04-10~ 01:00 AM', '2019-04-10~ 02:00 AM'),
(40, 'Test Title', 'Test Desc', 'Test Remark', '3', 1, '2019-04-10~ 01:00 AM', '2019-04-10~ 02:00 AM'),
(41, 'Test Title', 'Test Desc', 'Test Remark', '0', 1, '2019-04-11~ 01:00 AM', '2019-04-11~ 02:00 AM'),
(42, 'Test Title', 'Test Desc', 'Test Remark', '1', 1, '2019-04-11~ 01:00 AM', '2019-04-11~ 02:00 AM'),
(43, 'Test Title', 'Test Desc', 'Test Remark', '2', 1, '2019-04-11~ 01:00 AM', '2019-04-11~ 02:00 AM'),
(44, 'Test Title', 'Test Desc', 'Test Remark', '3', 1, '2019-04-11~ 01:00 AM', '2019-04-11~ 02:00 AM'),
(45, 'Test Title', 'Test Desc', 'Test Remark', '0', 1, '2019-04-12~ 01:00 AM', '2019-04-12~ 02:00 AM'),
(46, 'Test Title', 'Test Desc', 'Test Remark', '1', 1, '2019-04-12~ 01:00 AM', '2019-04-12~ 02:00 AM'),
(47, 'Test Title', 'Test Desc', 'Test Remark', '2', 1, '2019-04-12~ 01:00 AM', '2019-04-12~ 02:00 AM'),
(48, 'Test Title', 'Test Desc', 'Test Remark', '3', 1, '2019-04-12~ 01:00 AM', '2019-04-12~ 02:00 AM'),
(49, 'Test Title', 'Test Desc', 'Test Remark', '0', 1, '2019-04-13~ 01:00 AM', '2019-04-13~ 02:00 AM'),
(50, 'Test Title', 'Test Desc', 'Test Remark', '1', 1, '2019-04-13~ 01:00 AM', '2019-04-13~ 02:00 AM'),
(51, 'Test Title', 'Test Desc', 'Test Remark', '2', 1, '2019-04-13~ 01:00 AM', '2019-04-13~ 02:00 AM'),
(52, 'Test Title', 'Test Desc', 'Test Remark', '3', 1, '2019-04-13~ 01:00 AM', '2019-04-13~ 02:00 AM'),
(53, 'Test Title', 'Test Desc', 'Test Remark', '0', 1, '2019-04-14~ 01:00 AM', '2019-04-14~ 02:00 AM'),
(54, 'Test Title', 'Test Desc', 'Test Remark', '1', 1, '2019-04-14~ 01:00 AM', '2019-04-14~ 02:00 AM'),
(55, 'Test Title', 'Test Desc', 'Test Remark', '2', 1, '2019-04-14~ 01:00 AM', '2019-04-14~ 02:00 AM'),
(56, 'Test Title', 'Test Desc', 'Test Remark', '3', 1, '2019-04-14~ 01:00 AM', '2019-04-14~ 02:00 AM'),
(57, 'Test Title', 'Test Desc', 'Test Remark', '0', 1, '2019-04-15~ 01:00 AM', '2019-04-15~ 02:00 AM'),
(58, 'Test Title', 'Test Desc', 'Test Remark', '1', 1, '2019-04-15~ 01:00 AM', '2019-04-15~ 02:00 AM'),
(59, 'Test Title', 'Test Desc', 'Test Remark', '2', 1, '2019-04-15~ 01:00 AM', '2019-04-15~ 02:00 AM'),
(60, 'Test Title', 'Test Desc', 'Test Remark', '3', 1, '2019-04-15~ 01:00 AM', '2019-04-15~ 02:00 AM'),
(61, 'Test Title', 'Test Desc', 'Test Remark', '0', 1, '2019-04-16~ 01:00 AM', '2019-04-16~ 02:00 AM'),
(62, 'Test Title', 'Test Desc', 'Test Remark', '1', 1, '2019-04-16~ 01:00 AM', '2019-04-16~ 02:00 AM'),
(63, 'Test Title', 'Test Desc', 'Test Remark', '2', 1, '2019-04-16~ 01:00 AM', '2019-04-16~ 02:00 AM'),
(64, 'Test Title', 'Test Desc', 'Test Remark', '3', 1, '2019-04-16~ 01:00 AM', '2019-04-16~ 02:00 AM'),
(65, 'Test Title', 'Test Desc', 'Test Remark', '0', 1, '2019-04-17~ 01:00 AM', '2019-04-17~ 02:00 AM'),
(66, 'Test Title', 'Test Desc', 'Test Remark', '1', 1, '2019-04-17~ 01:00 AM', '2019-04-17~ 02:00 AM'),
(67, 'Test Title', 'Test Desc', 'Test Remark', '2', 1, '2019-04-17~ 01:00 AM', '2019-04-17~ 02:00 AM'),
(68, 'Test Title', 'Test Desc', 'Test Remark', '3', 1, '2019-04-17~ 01:00 AM', '2019-04-17~ 02:00 AM'),
(69, 'Test Title', 'Test Desc', 'Test Remark', '0', 1, '2019-04-18~ 01:00 AM', '2019-04-18~ 02:00 AM'),
(70, 'Test Title', 'Test Desc', 'Test Remark', '1', 1, '2019-04-18~ 01:00 AM', '2019-04-18~ 02:00 AM'),
(71, 'Test Title', 'Test Desc', 'Test Remark', '2', 1, '2019-04-18~ 01:00 AM', '2019-04-18~ 02:00 AM'),
(72, 'Test Title', 'Test Desc', 'Test Remark', '3', 1, '2019-04-18~ 01:00 AM', '2019-04-18~ 02:00 AM'),
(73, 'Test Title', 'Test Desc', 'Test Remark', '0', 1, '2019-04-19~ 01:00 AM', '2019-04-19~ 02:00 AM'),
(74, 'Test Title', 'Test Desc', 'Test Remark', '1', 1, '2019-04-19~ 01:00 AM', '2019-04-19~ 02:00 AM'),
(75, 'Test Title', 'Test Desc', 'Test Remark', '2', 1, '2019-04-19~ 01:00 AM', '2019-04-19~ 02:00 AM'),
(76, 'Test Title', 'Test Desc', 'Test Remark', '3', 1, '2019-04-19~ 01:00 AM', '2019-04-19~ 02:00 AM'),
(77, 'Test Title', 'Test Desc', 'Test Remark', '0', 1, '2019-04-20~ 01:00 AM', '2019-04-20~ 02:00 AM'),
(78, 'Test Title', 'Test Desc', 'Test Remark', '1', 1, '2019-04-20~ 01:00 AM', '2019-04-20~ 02:00 AM'),
(79, 'Test Title', 'Test Desc', 'Test Remark', '2', 1, '2019-04-20~ 01:00 AM', '2019-04-20~ 02:00 AM'),
(80, 'Test Title', 'Test Desc', 'Test Remark', '3', 1, '2019-04-20~ 01:00 AM', '2019-04-20~ 02:00 AM'),
(81, 'Test Title', 'Test Desc', 'Test Remark', '0', 1, '2019-04-21~ 01:00 AM', '2019-04-21~ 02:00 AM'),
(82, 'Test Title', 'Test Desc', 'Test Remark', '1', 1, '2019-04-21~ 01:00 AM', '2019-04-21~ 02:00 AM'),
(83, 'Test Title', 'Test Desc', 'Test Remark', '2', 1, '2019-04-21~ 01:00 AM', '2019-04-21~ 02:00 AM'),
(84, 'Test Title', 'Test Desc', 'Test Remark', '3', 1, '2019-04-21~ 01:00 AM', '2019-04-21~ 02:00 AM'),
(85, 'Test Title', 'Test Desc', 'Test Remark', '0', 1, '2019-04-22~ 01:00 AM', '2019-04-22~ 02:00 AM'),
(86, 'Test Title', 'Test Desc', 'Test Remark', '1', 1, '2019-04-22~ 01:00 AM', '2019-04-22~ 02:00 AM'),
(87, 'Test Title', 'Test Desc', 'Test Remark', '2', 1, '2019-04-22~ 01:00 AM', '2019-04-22~ 02:00 AM'),
(88, 'Test Title', 'Test Desc', 'Test Remark', '3', 1, '2019-04-22~ 01:00 AM', '2019-04-22~ 02:00 AM'),
(89, 'Test Title', 'Test Desc', 'Test Remark', '0', 1, '2019-04-23~ 01:00 AM', '2019-04-23~ 02:00 AM'),
(90, 'Test Title', 'Test Desc', 'Test Remark', '1', 1, '2019-04-23~ 01:00 AM', '2019-04-23~ 02:00 AM'),
(91, 'Test Title', 'Test Desc', 'Test Remark', '2', 1, '2019-04-23~ 01:00 AM', '2019-04-23~ 02:00 AM'),
(92, 'Test Title', 'Test Desc', 'Test Remark', '3', 1, '2019-04-23~ 01:00 AM', '2019-04-23~ 02:00 AM'),
(93, 'Test Title', 'Test Desc', 'Test Remark', '0', 1, '2019-04-24~ 01:00 AM', '2019-04-24~ 02:00 AM'),
(94, 'Test Title', 'Test Desc', 'Test Remark', '1', 1, '2019-04-24~ 01:00 AM', '2019-04-24~ 02:00 AM'),
(95, 'Test Title', 'Test Desc', 'Test Remark', '2', 1, '2019-04-24~ 01:00 AM', '2019-04-24~ 02:00 AM'),
(96, 'Test Title', 'Test Desc', 'Test Remark', '3', 1, '2019-04-24~ 01:00 AM', '2019-04-24~ 02:00 AM'),
(97, 'Test Title', 'Test Desc', 'Test Remark', '0', 1, '2019-04-25~ 01:00 AM', '2019-04-25~ 02:00 AM'),
(98, 'Test Title', 'Test Desc', 'Test Remark', '1', 1, '2019-04-25~ 01:00 AM', '2019-04-25~ 02:00 AM'),
(99, 'Test Title', 'Test Desc', 'Test Remark', '2', 1, '2019-04-25~ 01:00 AM', '2019-04-25~ 02:00 AM'),
(100, 'Test Title', 'Test Desc', 'Test Remark', '3', 1, '2019-04-25~ 01:00 AM', '2019-04-25~ 02:00 AM'),
(101, 'Test Title', 'Test Desc', 'Test Remark', '0', 1, '2019-04-26~ 01:00 AM', '2019-04-26~ 02:00 AM'),
(102, 'Test Title', 'Test Desc', 'Test Remark', '1', 1, '2019-04-26~ 01:00 AM', '2019-04-26~ 02:00 AM'),
(103, 'Test Title', 'Test Desc', 'Test Remark', '2', 1, '2019-04-26~ 01:00 AM', '2019-04-26~ 02:00 AM'),
(104, 'Test Title', 'Test Desc', 'Test Remark', '3', 1, '2019-04-26~ 01:00 AM', '2019-04-26~ 02:00 AM'),
(105, 'Test Title', 'Test Desc', 'Test Remark', '0', 2, '2019-04-01~ 01:00 AM', '2019-04-01~ 02:00 AM'),
(106, 'Test Title', 'Test Desc', 'Test Remark', '1', 2, '2019-04-01~ 01:00 AM', '2019-04-01~ 02:00 AM'),
(107, 'Test Title', 'Test Desc', 'Test Remark', '2', 2, '2019-04-01~ 01:00 AM', '2019-04-01~ 02:00 AM'),
(108, 'Test Title', 'Test Desc', 'Test Remark', '3', 2, '2019-04-01~ 01:00 AM', '2019-04-01~ 02:00 AM'),
(109, 'Test Title', 'Test Desc', 'Test Remark', '0', 2, '2019-04-02~ 01:00 AM', '2019-04-02~ 02:00 AM'),
(110, 'Test Title', 'Test Desc', 'Test Remark', '1', 2, '2019-04-02~ 01:00 AM', '2019-04-02~ 02:00 AM'),
(111, 'Test Title', 'Test Desc', 'Test Remark', '2', 2, '2019-04-02~ 01:00 AM', '2019-04-02~ 02:00 AM'),
(112, 'Test Title', 'Test Desc', 'Test Remark', '3', 2, '2019-04-02~ 01:00 AM', '2019-04-02~ 02:00 AM'),
(113, 'Test Title', 'Test Desc', 'Test Remark', '0', 2, '2019-04-03~ 01:00 AM', '2019-04-03~ 02:00 AM'),
(114, 'Test Title', 'Test Desc', 'Test Remark', '1', 2, '2019-04-03~ 01:00 AM', '2019-04-03~ 02:00 AM'),
(115, 'Test Title', 'Test Desc', 'Test Remark', '2', 2, '2019-04-03~ 01:00 AM', '2019-04-03~ 02:00 AM'),
(116, 'Test Title', 'Test Desc', 'Test Remark', '3', 2, '2019-04-03~ 01:00 AM', '2019-04-03~ 02:00 AM'),
(117, 'Test Title', 'Test Desc', 'Test Remark', '0', 2, '2019-04-04~ 01:00 AM', '2019-04-04~ 02:00 AM'),
(118, 'Test Title', 'Test Desc', 'Test Remark', '1', 2, '2019-04-04~ 01:00 AM', '2019-04-04~ 02:00 AM'),
(119, 'Test Title', 'Test Desc', 'Test Remark', '2', 2, '2019-04-04~ 01:00 AM', '2019-04-04~ 02:00 AM'),
(120, 'Test Title', 'Test Desc', 'Test Remark', '3', 2, '2019-04-04~ 01:00 AM', '2019-04-04~ 02:00 AM'),
(121, 'Test Title', 'Test Desc', 'Test Remark', '0', 2, '2019-04-05~ 01:00 AM', '2019-04-05~ 02:00 AM'),
(122, 'Test Title', 'Test Desc', 'Test Remark', '1', 2, '2019-04-05~ 01:00 AM', '2019-04-05~ 02:00 AM'),
(123, 'Test Title', 'Test Desc', 'Test Remark', '2', 2, '2019-04-05~ 01:00 AM', '2019-04-05~ 02:00 AM'),
(124, 'Test Title', 'Test Desc', 'Test Remark', '3', 2, '2019-04-05~ 01:00 AM', '2019-04-05~ 02:00 AM'),
(125, 'Test Title', 'Test Desc', 'Test Remark', '0', 2, '2019-04-06~ 01:00 AM', '2019-04-06~ 02:00 AM'),
(126, 'Test Title', 'Test Desc', 'Test Remark', '1', 2, '2019-04-06~ 01:00 AM', '2019-04-06~ 02:00 AM'),
(127, 'Test Title', 'Test Desc', 'Test Remark', '2', 2, '2019-04-06~ 01:00 AM', '2019-04-06~ 02:00 AM'),
(128, 'Test Title', 'Test Desc', 'Test Remark', '3', 2, '2019-04-06~ 01:00 AM', '2019-04-06~ 02:00 AM'),
(129, 'Test Title', 'Test Desc', 'Test Remark', '0', 2, '2019-04-07~ 01:00 AM', '2019-04-07~ 02:00 AM'),
(130, 'Test Title', 'Test Desc', 'Test Remark', '1', 2, '2019-04-07~ 01:00 AM', '2019-04-07~ 02:00 AM'),
(131, 'Test Title', 'Test Desc', 'Test Remark', '2', 2, '2019-04-07~ 01:00 AM', '2019-04-07~ 02:00 AM'),
(132, 'Test Title', 'Test Desc', 'Test Remark', '3', 2, '2019-04-07~ 01:00 AM', '2019-04-07~ 02:00 AM'),
(133, 'Test Title', 'Test Desc', 'Test Remark', '0', 2, '2019-04-08~ 01:00 AM', '2019-04-08~ 02:00 AM'),
(134, 'Test Title', 'Test Desc', 'Test Remark', '1', 2, '2019-04-08~ 01:00 AM', '2019-04-08~ 02:00 AM'),
(135, 'Test Title', 'Test Desc', 'Test Remark', '2', 2, '2019-04-08~ 01:00 AM', '2019-04-08~ 02:00 AM'),
(136, 'Test Title', 'Test Desc', 'Test Remark', '3', 2, '2019-04-08~ 01:00 AM', '2019-04-08~ 02:00 AM'),
(137, 'Test Title', 'Test Desc', 'Test Remark', '0', 2, '2019-04-09~ 01:00 AM', '2019-04-09~ 02:00 AM'),
(138, 'Test Title', 'Test Desc', 'Test Remark', '1', 2, '2019-04-09~ 01:00 AM', '2019-04-09~ 02:00 AM'),
(139, 'Test Title', 'Test Desc', 'Test Remark', '2', 2, '2019-04-09~ 01:00 AM', '2019-04-09~ 02:00 AM'),
(140, 'Test Title', 'Test Desc', 'Test Remark', '3', 2, '2019-04-09~ 01:00 AM', '2019-04-09~ 02:00 AM'),
(141, 'Test Title', 'Test Desc', 'Test Remark', '0', 2, '2019-04-10~ 01:00 AM', '2019-04-10~ 02:00 AM'),
(142, 'Test Title', 'Test Desc', 'Test Remark', '1', 2, '2019-04-10~ 01:00 AM', '2019-04-10~ 02:00 AM'),
(143, 'Test Title', 'Test Desc', 'Test Remark', '2', 2, '2019-04-10~ 01:00 AM', '2019-04-10~ 02:00 AM'),
(144, 'Test Title', 'Test Desc', 'Test Remark', '3', 2, '2019-04-10~ 01:00 AM', '2019-04-10~ 02:00 AM'),
(145, 'Test Title', 'Test Desc', 'Test Remark', '0', 2, '2019-04-11~ 01:00 AM', '2019-04-11~ 02:00 AM'),
(146, 'Test Title', 'Test Desc', 'Test Remark', '1', 2, '2019-04-11~ 01:00 AM', '2019-04-11~ 02:00 AM'),
(147, 'Test Title', 'Test Desc', 'Test Remark', '2', 2, '2019-04-11~ 01:00 AM', '2019-04-11~ 02:00 AM'),
(148, 'Test Title', 'Test Desc', 'Test Remark', '3', 2, '2019-04-11~ 01:00 AM', '2019-04-11~ 02:00 AM'),
(149, 'Test Title', 'Test Desc', 'Test Remark', '0', 2, '2019-04-12~ 01:00 AM', '2019-04-12~ 02:00 AM'),
(150, 'Test Title', 'Test Desc', 'Test Remark', '1', 2, '2019-04-12~ 01:00 AM', '2019-04-12~ 02:00 AM'),
(151, 'Test Title', 'Test Desc', 'Test Remark', '2', 2, '2019-04-12~ 01:00 AM', '2019-04-12~ 02:00 AM'),
(152, 'Test Title', 'Test Desc', 'Test Remark', '3', 2, '2019-04-12~ 01:00 AM', '2019-04-12~ 02:00 AM'),
(153, 'Test Title', 'Test Desc', 'Test Remark', '0', 2, '2019-04-13~ 01:00 AM', '2019-04-13~ 02:00 AM'),
(154, 'Test Title', 'Test Desc', 'Test Remark', '1', 2, '2019-04-13~ 01:00 AM', '2019-04-13~ 02:00 AM'),
(155, 'Test Title', 'Test Desc', 'Test Remark', '2', 2, '2019-04-13~ 01:00 AM', '2019-04-13~ 02:00 AM'),
(156, 'Test Title', 'Test Desc', 'Test Remark', '3', 2, '2019-04-13~ 01:00 AM', '2019-04-13~ 02:00 AM'),
(157, 'Test Title', 'Test Desc', 'Test Remark', '0', 2, '2019-04-14~ 01:00 AM', '2019-04-14~ 02:00 AM'),
(158, 'Test Title', 'Test Desc', 'Test Remark', '1', 2, '2019-04-14~ 01:00 AM', '2019-04-14~ 02:00 AM'),
(159, 'Test Title', 'Test Desc', 'Test Remark', '2', 2, '2019-04-14~ 01:00 AM', '2019-04-14~ 02:00 AM'),
(160, 'Test Title', 'Test Desc', 'Test Remark', '3', 2, '2019-04-14~ 01:00 AM', '2019-04-14~ 02:00 AM'),
(161, 'Test Title', 'Test Desc', 'Test Remark', '0', 2, '2019-04-15~ 01:00 AM', '2019-04-15~ 02:00 AM'),
(162, 'Test Title', 'Test Desc', 'Test Remark', '1', 2, '2019-04-15~ 01:00 AM', '2019-04-15~ 02:00 AM'),
(163, 'Test Title', 'Test Desc', 'Test Remark', '2', 2, '2019-04-15~ 01:00 AM', '2019-04-15~ 02:00 AM'),
(164, 'Test Title', 'Test Desc', 'Test Remark', '3', 2, '2019-04-15~ 01:00 AM', '2019-04-15~ 02:00 AM'),
(165, 'Test Title', 'Test Desc', 'Test Remark', '0', 2, '2019-04-16~ 01:00 AM', '2019-04-16~ 02:00 AM'),
(166, 'Test Title', 'Test Desc', 'Test Remark', '1', 2, '2019-04-16~ 01:00 AM', '2019-04-16~ 02:00 AM'),
(167, 'Test Title', 'Test Desc', 'Test Remark', '2', 2, '2019-04-16~ 01:00 AM', '2019-04-16~ 02:00 AM'),
(168, 'Test Title', 'Test Desc', 'Test Remark', '3', 2, '2019-04-16~ 01:00 AM', '2019-04-16~ 02:00 AM'),
(169, 'Test Title', 'Test Desc', 'Test Remark', '0', 2, '2019-04-17~ 01:00 AM', '2019-04-17~ 02:00 AM'),
(170, 'Test Title', 'Test Desc', 'Test Remark', '1', 2, '2019-04-17~ 01:00 AM', '2019-04-17~ 02:00 AM'),
(171, 'Test Title', 'Test Desc', 'Test Remark', '2', 2, '2019-04-17~ 01:00 AM', '2019-04-17~ 02:00 AM'),
(172, 'Test Title', 'Test Desc', 'Test Remark', '3', 2, '2019-04-17~ 01:00 AM', '2019-04-17~ 02:00 AM'),
(173, 'Test Title', 'Test Desc', 'Test Remark', '0', 2, '2019-04-18~ 01:00 AM', '2019-04-18~ 02:00 AM'),
(174, 'Test Title', 'Test Desc', 'Test Remark', '1', 2, '2019-04-18~ 01:00 AM', '2019-04-18~ 02:00 AM'),
(175, 'Test Title', 'Test Desc', 'Test Remark', '2', 2, '2019-04-18~ 01:00 AM', '2019-04-18~ 02:00 AM'),
(176, 'Test Title', 'Test Desc', 'Test Remark', '3', 2, '2019-04-18~ 01:00 AM', '2019-04-18~ 02:00 AM'),
(177, 'Test Title', 'Test Desc', 'Test Remark', '0', 2, '2019-04-19~ 01:00 AM', '2019-04-19~ 02:00 AM'),
(178, 'Test Title', 'Test Desc', 'Test Remark', '1', 2, '2019-04-19~ 01:00 AM', '2019-04-19~ 02:00 AM'),
(179, 'Test Title', 'Test Desc', 'Test Remark', '2', 2, '2019-04-19~ 01:00 AM', '2019-04-19~ 02:00 AM'),
(180, 'Test Title', 'Test Desc', 'Test Remark', '3', 2, '2019-04-19~ 01:00 AM', '2019-04-19~ 02:00 AM'),
(181, 'Test Title', 'Test Desc', 'Test Remark', '0', 2, '2019-04-20~ 01:00 AM', '2019-04-20~ 02:00 AM'),
(182, 'Test Title', 'Test Desc', 'Test Remark', '1', 2, '2019-04-20~ 01:00 AM', '2019-04-20~ 02:00 AM'),
(183, 'Test Title', 'Test Desc', 'Test Remark', '2', 2, '2019-04-20~ 01:00 AM', '2019-04-20~ 02:00 AM'),
(184, 'Test Title', 'Test Desc', 'Test Remark', '3', 2, '2019-04-20~ 01:00 AM', '2019-04-20~ 02:00 AM'),
(185, 'Test Title', 'Test Desc', 'Test Remark', '0', 2, '2019-04-21~ 01:00 AM', '2019-04-21~ 02:00 AM'),
(186, 'Test Title', 'Test Desc', 'Test Remark', '1', 2, '2019-04-21~ 01:00 AM', '2019-04-21~ 02:00 AM'),
(187, 'Test Title', 'Test Desc', 'Test Remark', '2', 2, '2019-04-21~ 01:00 AM', '2019-04-21~ 02:00 AM'),
(188, 'Test Title', 'Test Desc', 'Test Remark', '3', 2, '2019-04-21~ 01:00 AM', '2019-04-21~ 02:00 AM'),
(189, 'Test Title', 'Test Desc', 'Test Remark', '0', 2, '2019-04-22~ 01:00 AM', '2019-04-22~ 02:00 AM'),
(190, 'Test Title', 'Test Desc', 'Test Remark', '1', 2, '2019-04-22~ 01:00 AM', '2019-04-22~ 02:00 AM'),
(191, 'Test Title', 'Test Desc', 'Test Remark', '2', 2, '2019-04-22~ 01:00 AM', '2019-04-22~ 02:00 AM'),
(192, 'Test Title', 'Test Desc', 'Test Remark', '3', 2, '2019-04-22~ 01:00 AM', '2019-04-22~ 02:00 AM'),
(193, 'Test Title', 'Test Desc', 'Test Remark', '0', 2, '2019-04-23~ 01:00 AM', '2019-04-23~ 02:00 AM'),
(194, 'Test Title', 'Test Desc', 'Test Remark', '1', 2, '2019-04-23~ 01:00 AM', '2019-04-23~ 02:00 AM'),
(195, 'Test Title', 'Test Desc', 'Test Remark', '2', 2, '2019-04-23~ 01:00 AM', '2019-04-23~ 02:00 AM'),
(196, 'Test Title', 'Test Desc', 'Test Remark', '3', 2, '2019-04-23~ 01:00 AM', '2019-04-23~ 02:00 AM'),
(197, 'Test Title', 'Test Desc', 'Test Remark', '0', 2, '2019-04-24~ 01:00 AM', '2019-04-24~ 02:00 AM'),
(198, 'Test Title', 'Test Desc', 'Test Remark', '1', 2, '2019-04-24~ 01:00 AM', '2019-04-24~ 02:00 AM'),
(199, 'Test Title', 'Test Desc', 'Test Remark', '2', 2, '2019-04-24~ 01:00 AM', '2019-04-24~ 02:00 AM'),
(200, 'Test Title', 'Test Desc', 'Test Remark', '3', 2, '2019-04-24~ 01:00 AM', '2019-04-24~ 02:00 AM'),
(201, 'Test Title', 'Test Desc', 'Test Remark', '0', 2, '2019-04-25~ 01:00 AM', '2019-04-25~ 02:00 AM'),
(202, 'Test Title', 'Test Desc', 'Test Remark', '1', 2, '2019-04-25~ 01:00 AM', '2019-04-25~ 02:00 AM'),
(203, 'Test Title', 'Test Desc', 'Test Remark', '2', 2, '2019-04-25~ 01:00 AM', '2019-04-25~ 02:00 AM'),
(204, 'Test Title', 'Test Desc', 'Test Remark', '3', 2, '2019-04-25~ 01:00 AM', '2019-04-25~ 02:00 AM'),
(205, 'Test Title', 'Test Desc', 'Test Remark', '0', 2, '2019-04-26~ 01:00 AM', '2019-04-26~ 02:00 AM'),
(206, 'Test Title', 'Test Desc', 'Test Remark', '1', 2, '2019-04-26~ 01:00 AM', '2019-04-26~ 02:00 AM'),
(207, 'Test Title', 'Test Desc', 'Test Remark', '2', 2, '2019-04-26~ 01:00 AM', '2019-04-26~ 02:00 AM'),
(208, 'Test Title', 'Test Desc', 'Test Remark', '3', 2, '2019-04-26~ 01:00 AM', '2019-04-26~ 02:00 AM'),
(209, 'Test Title', 'Test Desc', 'Test Remark', '0', 3, '2019-04-01~ 01:00 AM', '2019-04-01~ 02:00 AM'),
(210, 'Test Title', 'Test Desc', 'Test Remark', '1', 3, '2019-04-01~ 01:00 AM', '2019-04-01~ 02:00 AM'),
(211, 'Test Title', 'Test Desc', 'Test Remark', '2', 3, '2019-04-01~ 01:00 AM', '2019-04-01~ 02:00 AM'),
(212, 'Test Title', 'Test Desc', 'Test Remark', '3', 3, '2019-04-01~ 01:00 AM', '2019-04-01~ 02:00 AM'),
(213, 'Test Title', 'Test Desc', 'Test Remark', '0', 3, '2019-04-02~ 01:00 AM', '2019-04-02~ 02:00 AM'),
(214, 'Test Title', 'Test Desc', 'Test Remark', '1', 3, '2019-04-02~ 01:00 AM', '2019-04-02~ 02:00 AM'),
(215, 'Test Title', 'Test Desc', 'Test Remark', '2', 3, '2019-04-02~ 01:00 AM', '2019-04-02~ 02:00 AM'),
(216, 'Test Title', 'Test Desc', 'Test Remark', '3', 3, '2019-04-02~ 01:00 AM', '2019-04-02~ 02:00 AM'),
(217, 'Test Title', 'Test Desc', 'Test Remark', '0', 3, '2019-04-03~ 01:00 AM', '2019-04-03~ 02:00 AM'),
(218, 'Test Title', 'Test Desc', 'Test Remark', '1', 3, '2019-04-03~ 01:00 AM', '2019-04-03~ 02:00 AM'),
(219, 'Test Title', 'Test Desc', 'Test Remark', '2', 3, '2019-04-03~ 01:00 AM', '2019-04-03~ 02:00 AM'),
(220, 'Test Title', 'Test Desc', 'Test Remark', '3', 3, '2019-04-03~ 01:00 AM', '2019-04-03~ 02:00 AM'),
(221, 'Test Title', 'Test Desc', 'Test Remark', '0', 3, '2019-04-04~ 01:00 AM', '2019-04-04~ 02:00 AM'),
(222, 'Test Title', 'Test Desc', 'Test Remark', '1', 3, '2019-04-04~ 01:00 AM', '2019-04-04~ 02:00 AM'),
(223, 'Test Title', 'Test Desc', 'Test Remark', '2', 3, '2019-04-04~ 01:00 AM', '2019-04-04~ 02:00 AM'),
(224, 'Test Title', 'Test Desc', 'Test Remark', '3', 3, '2019-04-04~ 01:00 AM', '2019-04-04~ 02:00 AM'),
(225, 'Test Title', 'Test Desc', 'Test Remark', '0', 3, '2019-04-05~ 01:00 AM', '2019-04-05~ 02:00 AM'),
(226, 'Test Title', 'Test Desc', 'Test Remark', '1', 3, '2019-04-05~ 01:00 AM', '2019-04-05~ 02:00 AM'),
(227, 'Test Title', 'Test Desc', 'Test Remark', '2', 3, '2019-04-05~ 01:00 AM', '2019-04-05~ 02:00 AM'),
(228, 'Test Title', 'Test Desc', 'Test Remark', '3', 3, '2019-04-05~ 01:00 AM', '2019-04-05~ 02:00 AM'),
(229, 'Test Title', 'Test Desc', 'Test Remark', '0', 3, '2019-04-06~ 01:00 AM', '2019-04-06~ 02:00 AM'),
(230, 'Test Title', 'Test Desc', 'Test Remark', '1', 3, '2019-04-06~ 01:00 AM', '2019-04-06~ 02:00 AM'),
(231, 'Test Title', 'Test Desc', 'Test Remark', '2', 3, '2019-04-06~ 01:00 AM', '2019-04-06~ 02:00 AM'),
(232, 'Test Title', 'Test Desc', 'Test Remark', '3', 3, '2019-04-06~ 01:00 AM', '2019-04-06~ 02:00 AM'),
(233, 'Test Title', 'Test Desc', 'Test Remark', '0', 3, '2019-04-07~ 01:00 AM', '2019-04-07~ 02:00 AM'),
(234, 'Test Title', 'Test Desc', 'Test Remark', '1', 3, '2019-04-07~ 01:00 AM', '2019-04-07~ 02:00 AM'),
(235, 'Test Title', 'Test Desc', 'Test Remark', '2', 3, '2019-04-07~ 01:00 AM', '2019-04-07~ 02:00 AM'),
(236, 'Test Title', 'Test Desc', 'Test Remark', '3', 3, '2019-04-07~ 01:00 AM', '2019-04-07~ 02:00 AM'),
(237, 'Test Title', 'Test Desc', 'Test Remark', '0', 3, '2019-04-08~ 01:00 AM', '2019-04-08~ 02:00 AM'),
(238, 'Test Title', 'Test Desc', 'Test Remark', '1', 3, '2019-04-08~ 01:00 AM', '2019-04-08~ 02:00 AM'),
(239, 'Test Title', 'Test Desc', 'Test Remark', '2', 3, '2019-04-08~ 01:00 AM', '2019-04-08~ 02:00 AM'),
(240, 'Test Title', 'Test Desc', 'Test Remark', '3', 3, '2019-04-08~ 01:00 AM', '2019-04-08~ 02:00 AM'),
(241, 'Test Title', 'Test Desc', 'Test Remark', '0', 3, '2019-04-09~ 01:00 AM', '2019-04-09~ 02:00 AM'),
(242, 'Test Title', 'Test Desc', 'Test Remark', '1', 3, '2019-04-09~ 01:00 AM', '2019-04-09~ 02:00 AM'),
(243, 'Test Title', 'Test Desc', 'Test Remark', '2', 3, '2019-04-09~ 01:00 AM', '2019-04-09~ 02:00 AM'),
(244, 'Test Title', 'Test Desc', 'Test Remark', '3', 3, '2019-04-09~ 01:00 AM', '2019-04-09~ 02:00 AM'),
(245, 'Test Title', 'Test Desc', 'Test Remark', '0', 3, '2019-04-10~ 01:00 AM', '2019-04-10~ 02:00 AM'),
(246, 'Test Title', 'Test Desc', 'Test Remark', '1', 3, '2019-04-10~ 01:00 AM', '2019-04-10~ 02:00 AM'),
(247, 'Test Title', 'Test Desc', 'Test Remark', '2', 3, '2019-04-10~ 01:00 AM', '2019-04-10~ 02:00 AM'),
(248, 'Test Title', 'Test Desc', 'Test Remark', '3', 3, '2019-04-10~ 01:00 AM', '2019-04-10~ 02:00 AM'),
(249, 'Test Title', 'Test Desc', 'Test Remark', '0', 3, '2019-04-11~ 01:00 AM', '2019-04-11~ 02:00 AM'),
(250, 'Test Title', 'Test Desc', 'Test Remark', '1', 3, '2019-04-11~ 01:00 AM', '2019-04-11~ 02:00 AM'),
(251, 'Test Title', 'Test Desc', 'Test Remark', '2', 3, '2019-04-11~ 01:00 AM', '2019-04-11~ 02:00 AM'),
(252, 'Test Title', 'Test Desc', 'Test Remark', '3', 3, '2019-04-11~ 01:00 AM', '2019-04-11~ 02:00 AM'),
(253, 'Test Title', 'Test Desc', 'Test Remark', '0', 3, '2019-04-12~ 01:00 AM', '2019-04-12~ 02:00 AM'),
(254, 'Test Title', 'Test Desc', 'Test Remark', '1', 3, '2019-04-12~ 01:00 AM', '2019-04-12~ 02:00 AM'),
(255, 'Test Title', 'Test Desc', 'Test Remark', '2', 3, '2019-04-12~ 01:00 AM', '2019-04-12~ 02:00 AM'),
(256, 'Test Title', 'Test Desc', 'Test Remark', '3', 3, '2019-04-12~ 01:00 AM', '2019-04-12~ 02:00 AM'),
(257, 'Test Title', 'Test Desc', 'Test Remark', '0', 3, '2019-04-13~ 01:00 AM', '2019-04-13~ 02:00 AM'),
(258, 'Test Title', 'Test Desc', 'Test Remark', '1', 3, '2019-04-13~ 01:00 AM', '2019-04-13~ 02:00 AM'),
(259, 'Test Title', 'Test Desc', 'Test Remark', '2', 3, '2019-04-13~ 01:00 AM', '2019-04-13~ 02:00 AM'),
(260, 'Test Title', 'Test Desc', 'Test Remark', '3', 3, '2019-04-13~ 01:00 AM', '2019-04-13~ 02:00 AM'),
(261, 'Test Title', 'Test Desc', 'Test Remark', '0', 3, '2019-04-14~ 01:00 AM', '2019-04-14~ 02:00 AM'),
(262, 'Test Title', 'Test Desc', 'Test Remark', '1', 3, '2019-04-14~ 01:00 AM', '2019-04-14~ 02:00 AM'),
(263, 'Test Title', 'Test Desc', 'Test Remark', '2', 3, '2019-04-14~ 01:00 AM', '2019-04-14~ 02:00 AM'),
(264, 'Test Title', 'Test Desc', 'Test Remark', '3', 3, '2019-04-14~ 01:00 AM', '2019-04-14~ 02:00 AM'),
(265, 'Test Title', 'Test Desc', 'Test Remark', '0', 3, '2019-04-15~ 01:00 AM', '2019-04-15~ 02:00 AM'),
(266, 'Test Title', 'Test Desc', 'Test Remark', '1', 3, '2019-04-15~ 01:00 AM', '2019-04-15~ 02:00 AM'),
(267, 'Test Title', 'Test Desc', 'Test Remark', '2', 3, '2019-04-15~ 01:00 AM', '2019-04-15~ 02:00 AM'),
(268, 'Test Title', 'Test Desc', 'Test Remark', '3', 3, '2019-04-15~ 01:00 AM', '2019-04-15~ 02:00 AM'),
(269, 'Test Title', 'Test Desc', 'Test Remark', '0', 3, '2019-04-16~ 01:00 AM', '2019-04-16~ 02:00 AM'),
(270, 'Test Title', 'Test Desc', 'Test Remark', '1', 3, '2019-04-16~ 01:00 AM', '2019-04-16~ 02:00 AM'),
(271, 'Test Title', 'Test Desc', 'Test Remark', '2', 3, '2019-04-16~ 01:00 AM', '2019-04-16~ 02:00 AM'),
(272, 'Test Title', 'Test Desc', 'Test Remark', '3', 3, '2019-04-16~ 01:00 AM', '2019-04-16~ 02:00 AM'),
(273, 'Test Title', 'Test Desc', 'Test Remark', '0', 3, '2019-04-17~ 01:00 AM', '2019-04-17~ 02:00 AM'),
(274, 'Test Title', 'Test Desc', 'Test Remark', '1', 3, '2019-04-17~ 01:00 AM', '2019-04-17~ 02:00 AM'),
(275, 'Test Title', 'Test Desc', 'Test Remark', '2', 3, '2019-04-17~ 01:00 AM', '2019-04-17~ 02:00 AM'),
(276, 'Test Title', 'Test Desc', 'Test Remark', '3', 3, '2019-04-17~ 01:00 AM', '2019-04-17~ 02:00 AM'),
(277, 'Test Title', 'Test Desc', 'Test Remark', '0', 3, '2019-04-18~ 01:00 AM', '2019-04-18~ 02:00 AM'),
(278, 'Test Title', 'Test Desc', 'Test Remark', '1', 3, '2019-04-18~ 01:00 AM', '2019-04-18~ 02:00 AM'),
(279, 'Test Title', 'Test Desc', 'Test Remark', '2', 3, '2019-04-18~ 01:00 AM', '2019-04-18~ 02:00 AM'),
(280, 'Test Title', 'Test Desc', 'Test Remark', '3', 3, '2019-04-18~ 01:00 AM', '2019-04-18~ 02:00 AM'),
(281, 'Test Title', 'Test Desc', 'Test Remark', '0', 3, '2019-04-19~ 01:00 AM', '2019-04-19~ 02:00 AM'),
(282, 'Test Title', 'Test Desc', 'Test Remark', '1', 3, '2019-04-19~ 01:00 AM', '2019-04-19~ 02:00 AM'),
(283, 'Test Title', 'Test Desc', 'Test Remark', '2', 3, '2019-04-19~ 01:00 AM', '2019-04-19~ 02:00 AM'),
(284, 'Test Title', 'Test Desc', 'Test Remark', '3', 3, '2019-04-19~ 01:00 AM', '2019-04-19~ 02:00 AM'),
(285, 'Test Title', 'Test Desc', 'Test Remark', '0', 3, '2019-04-20~ 01:00 AM', '2019-04-20~ 02:00 AM'),
(286, 'Test Title', 'Test Desc', 'Test Remark', '1', 3, '2019-04-20~ 01:00 AM', '2019-04-20~ 02:00 AM'),
(287, 'Test Title', 'Test Desc', 'Test Remark', '2', 3, '2019-04-20~ 01:00 AM', '2019-04-20~ 02:00 AM'),
(288, 'Test Title', 'Test Desc', 'Test Remark', '3', 3, '2019-04-20~ 01:00 AM', '2019-04-20~ 02:00 AM'),
(289, 'Test Title', 'Test Desc', 'Test Remark', '0', 3, '2019-04-21~ 01:00 AM', '2019-04-21~ 02:00 AM'),
(290, 'Test Title', 'Test Desc', 'Test Remark', '1', 3, '2019-04-21~ 01:00 AM', '2019-04-21~ 02:00 AM'),
(291, 'Test Title', 'Test Desc', 'Test Remark', '2', 3, '2019-04-21~ 01:00 AM', '2019-04-21~ 02:00 AM'),
(292, 'Test Title', 'Test Desc', 'Test Remark', '3', 3, '2019-04-21~ 01:00 AM', '2019-04-21~ 02:00 AM'),
(293, 'Test Title', 'Test Desc', 'Test Remark', '0', 3, '2019-04-22~ 01:00 AM', '2019-04-22~ 02:00 AM'),
(294, 'Test Title', 'Test Desc', 'Test Remark', '1', 3, '2019-04-22~ 01:00 AM', '2019-04-22~ 02:00 AM'),
(295, 'Test Title', 'Test Desc', 'Test Remark', '2', 3, '2019-04-22~ 01:00 AM', '2019-04-22~ 02:00 AM'),
(296, 'Test Title', 'Test Desc', 'Test Remark', '3', 3, '2019-04-22~ 01:00 AM', '2019-04-22~ 02:00 AM'),
(297, 'Test Title', 'Test Desc', 'Test Remark', '0', 3, '2019-04-23~ 01:00 AM', '2019-04-23~ 02:00 AM'),
(298, 'Test Title', 'Test Desc', 'Test Remark', '1', 3, '2019-04-23~ 01:00 AM', '2019-04-23~ 02:00 AM'),
(299, 'Test Title', 'Test Desc', 'Test Remark', '2', 3, '2019-04-23~ 01:00 AM', '2019-04-23~ 02:00 AM'),
(300, 'Test Title', 'Test Desc', 'Test Remark', '3', 3, '2019-04-23~ 01:00 AM', '2019-04-23~ 02:00 AM'),
(301, 'Test Title', 'Test Desc', 'Test Remark', '0', 3, '2019-04-24~ 01:00 AM', '2019-04-24~ 02:00 AM'),
(302, 'Test Title', 'Test Desc', 'Test Remark', '1', 3, '2019-04-24~ 01:00 AM', '2019-04-24~ 02:00 AM'),
(303, 'Test Title', 'Test Desc', 'Test Remark', '2', 3, '2019-04-24~ 01:00 AM', '2019-04-24~ 02:00 AM'),
(304, 'Test Title', 'Test Desc', 'Test Remark', '3', 3, '2019-04-24~ 01:00 AM', '2019-04-24~ 02:00 AM'),
(305, 'Test Title', 'Test Desc', 'Test Remark', '0', 3, '2019-04-25~ 01:00 AM', '2019-04-25~ 02:00 AM'),
(306, 'Test Title', 'Test Desc', 'Test Remark', '1', 3, '2019-04-25~ 01:00 AM', '2019-04-25~ 02:00 AM'),
(307, 'Test Title', 'Test Desc', 'Test Remark', '2', 3, '2019-04-25~ 01:00 AM', '2019-04-25~ 02:00 AM'),
(308, 'Test Title', 'Test Desc', 'Test Remark', '3', 3, '2019-04-25~ 01:00 AM', '2019-04-25~ 02:00 AM'),
(309, 'Test Title', 'Test Desc', 'Test Remark', '0', 3, '2019-04-26~ 01:00 AM', '2019-04-26~ 02:00 AM'),
(310, 'Test Title', 'Test Desc', 'Test Remark', '1', 3, '2019-04-26~ 01:00 AM', '2019-04-26~ 02:00 AM'),
(311, 'Test Title', 'Test Desc', 'Test Remark', '2', 3, '2019-04-26~ 01:00 AM', '2019-04-26~ 02:00 AM'),
(312, 'Test Title', 'Test Desc', 'Test Remark', '3', 3, '2019-04-26~ 01:00 AM', '2019-04-26~ 02:00 AM'),
(313, 'Zeon', 'asd', 'asd', '0', 1, '', ''),
(314, 'Interview', '', '', '1', 1, '2019-04-28 ~ 12:00 AM', '2019-04-29 ~ 12:00 AM'),
(315, 'z', 'asd', 'asdasd', '0', 1, '2019-04-28 ~ 12:00 AM', '2019-04-28 ~ 12:00 AM'),
(316, 'zeonlim', '23456', '', '0', 1, '2019-04-28 ~ 12:00 AM', '2019-04-28 ~ 12:00 AM'),
(317, 'testing', 'sadf', '', '0', 2, '2019-04-28 ~ 12:00 AM', '2019-04-28 ~ 12:00 AM');

-- --------------------------------------------------------

--
-- Table structure for table `events_details`
--

CREATE TABLE `events_details` (
  `eventID` int(11) NOT NULL,
  `organise_by` int(11) NOT NULL,
  `memberID` int(11) NOT NULL,
  `member_confirm` varchar(255) NOT NULL,
  `priority` bigint(11) NOT NULL,
  `feeling_point` varchar(255) NOT NULL
) ENGINE=InnoDB DEFAULT CHARSET=latin1;

--
-- Dumping data for table `events_details`
--

INSERT INTO `events_details` (`eventID`, `organise_by`, `memberID`, `member_confirm`, `priority`, `feeling_point`) VALUES
(1, 1, 1, '1', 0, '0.6'),
(2, 1, 1, '1', 0, '0.8'),
(3, 1, 1, '1', 0, '0.7'),
(4, 1, 1, '1', 0, '0.9'),
(5, 1, 1, '1', 0, '0.9'),
(6, 1, 1, '1', 0, '0.9'),
(7, 1, 1, '1', 0, '0.7'),
(8, 1, 1, '1', 0, '0.7'),
(9, 1, 1, '1', 0, '0.7'),
(10, 1, 1, '1', 0, '0.7'),
(11, 1, 1, '1', 0, '0.7'),
(12, 1, 1, '1', 0, '0.7'),
(13, 1, 1, '1', 0, '0.9'),
(14, 1, 1, '1', 0, '0.8'),
(15, 1, 1, '1', 0, '0.7'),
(16, 1, 1, '1', 0, '0.9'),
(17, 1, 1, '1', 0, '0.9'),
(18, 1, 1, '1', 0, '0.7'),
(19, 1, 1, '1', 0, '0.6'),
(20, 1, 1, '1', 0, '0.8'),
(21, 1, 1, '1', 0, '0.8'),
(22, 1, 1, '1', 0, '0.7'),
(23, 1, 1, '1', 0, '0.6'),
(24, 1, 1, '1', 0, '0.6'),
(25, 1, 1, '1', 0, '0.8'),
(26, 1, 1, '1', 0, '0.6'),
(27, 1, 1, '1', 0, '0.9'),
(28, 1, 1, '1', 0, '0.8'),
(29, 1, 1, '1', 0, '0.8'),
(30, 1, 1, '1', 0, '0.8'),
(31, 1, 1, '1', 0, '0.8'),
(32, 1, 1, '1', 0, '0.6'),
(33, 1, 1, '1', 0, '0.7'),
(34, 1, 1, '1', 0, '0.9'),
(35, 1, 1, '1', 0, '0.7'),
(36, 1, 1, '1', 0, '0.8'),
(37, 1, 1, '1', 0, '0.6'),
(38, 1, 1, '1', 0, '0.7'),
(39, 1, 1, '1', 0, '0.6'),
(40, 1, 1, '1', 0, '0.9'),
(41, 1, 1, '1', 0, '0.6'),
(42, 1, 1, '1', 0, '0.8'),
(43, 1, 1, '1', 0, '0.8'),
(44, 1, 1, '1', 0, '0.9'),
(45, 1, 1, '1', 0, '0.9'),
(46, 1, 1, '1', 0, '0.6'),
(47, 1, 1, '1', 0, '0.7'),
(48, 1, 1, '1', 0, '0.9'),
(49, 1, 1, '1', 0, '0.6'),
(50, 1, 1, '1', 0, '0.7'),
(51, 1, 1, '1', 0, '0.6'),
(52, 1, 1, '1', 0, '0.6'),
(53, 1, 1, '1', 0, '0.6'),
(54, 1, 1, '1', 0, '0.6'),
(55, 1, 1, '1', 0, '0.8'),
(56, 1, 1, '1', 0, '0.8'),
(57, 1, 1, '1', 0, '0.7'),
(58, 1, 1, '1', 0, '0.8'),
(59, 1, 1, '1', 0, '0.6'),
(60, 1, 1, '1', 0, '0.9'),
(61, 1, 1, '1', 0, '0.7'),
(62, 1, 1, '1', 0, '0.9'),
(63, 1, 1, '1', 0, '0.7'),
(64, 1, 1, '1', 0, '0.7'),
(65, 1, 1, '1', 0, '0.7'),
(66, 1, 1, '1', 0, '0.7'),
(67, 1, 1, '1', 0, '0.9'),
(68, 1, 1, '1', 0, '0.8'),
(69, 1, 1, '1', 0, '0.8'),
(70, 1, 1, '1', 0, '0.9'),
(71, 1, 1, '1', 0, '0.8'),
(72, 1, 1, '1', 0, '0.8'),
(73, 1, 1, '1', 0, '0.9'),
(74, 1, 1, '1', 0, '0.6'),
(75, 1, 1, '1', 0, '0.7'),
(76, 1, 1, '1', 0, '0.8'),
(77, 1, 1, '1', 0, '0.6'),
(78, 1, 1, '1', 0, '0.6'),
(79, 1, 1, '1', 0, '0.9'),
(80, 1, 1, '1', 0, '0.8'),
(81, 1, 1, '1', 0, '0.6'),
(82, 1, 1, '1', 0, '0.9'),
(83, 1, 1, '1', 0, '0.7'),
(84, 1, 1, '1', 0, '0.8'),
(85, 1, 1, '1', 0, '0.9'),
(86, 1, 1, '1', 0, '0.8'),
(87, 1, 1, '1', 0, '0.9'),
(88, 1, 1, '1', 0, '0.9'),
(89, 1, 1, '1', 0, '0.6'),
(90, 1, 1, '1', 0, '0.8'),
(91, 1, 1, '1', 0, '0.9'),
(92, 1, 1, '1', 0, '0.6'),
(93, 1, 1, '1', 0, '0.6'),
(94, 1, 1, '1', 0, '0.6'),
(95, 1, 1, '1', 0, '0.9'),
(96, 1, 1, '1', 0, '0.8'),
(97, 1, 1, '1', 0, '0.6'),
(98, 1, 1, '1', 0, '0.8'),
(99, 1, 1, '1', 0, '0.6'),
(100, 1, 1, '1', 0, '0.8'),
(101, 1, 1, '1', 0, '0.8'),
(102, 1, 1, '1', 0, '0.7'),
(103, 1, 1, '1', 0, '0.6'),
(104, 1, 1, '1', 0, '0.9'),
(105, 2, 2, '1', 0, '0.2'),
(106, 2, 2, '1', 0, '0'),
(107, 2, 2, '1', 0, '0.4'),
(108, 2, 2, '1', 0, '0.3'),
(109, 2, 2, '1', 0, '0'),
(110, 2, 2, '1', 0, '0.1'),
(111, 2, 2, '1', 0, '0.3'),
(112, 2, 2, '1', 0, '0.1'),
(113, 2, 2, '1', 0, '0.4'),
(114, 2, 2, '1', 0, '0.3'),
(115, 2, 2, '1', 0, '0.1'),
(116, 2, 2, '1', 0, '0.4'),
(117, 2, 2, '1', 0, '0'),
(118, 2, 2, '1', 0, '0.3'),
(119, 2, 2, '1', 0, '0'),
(120, 2, 2, '1', 0, '0.3'),
(121, 2, 2, '1', 0, '0.4'),
(122, 2, 2, '1', 0, '0.2'),
(123, 2, 2, '1', 0, '0'),
(124, 2, 2, '1', 0, '0.2'),
(125, 2, 2, '1', 0, '0'),
(126, 2, 2, '1', 0, '0.1'),
(127, 2, 2, '1', 0, '0.2'),
(128, 2, 2, '1', 0, '0.1'),
(129, 2, 2, '1', 0, '0.4'),
(130, 2, 2, '1', 0, '0.3'),
(131, 2, 2, '1', 0, '0.2'),
(132, 2, 2, '1', 0, '0'),
(133, 2, 2, '1', 0, '0.1'),
(134, 2, 2, '1', 0, '0.3'),
(135, 2, 2, '1', 0, '0.1'),
(136, 2, 2, '1', 0, '0'),
(137, 2, 2, '1', 0, '0.3'),
(138, 2, 2, '1', 0, '0.3'),
(139, 2, 2, '1', 0, '0.1'),
(140, 2, 2, '1', 0, '0'),
(141, 2, 2, '1', 0, '0'),
(142, 2, 2, '1', 0, '0.2'),
(143, 2, 2, '1', 0, '0'),
(144, 2, 2, '1', 0, '0.2'),
(145, 2, 2, '1', 0, '0.3'),
(146, 2, 2, '1', 0, '0.1'),
(147, 2, 2, '1', 0, '0.3'),
(148, 2, 2, '1', 0, '0'),
(149, 2, 2, '1', 0, '0.1'),
(150, 2, 2, '1', 0, '0.1'),
(151, 2, 2, '1', 0, '0'),
(152, 2, 2, '1', 0, '0.4'),
(153, 2, 2, '1', 0, '0.3'),
(154, 2, 2, '1', 0, '0.3'),
(155, 2, 2, '1', 0, '0'),
(156, 2, 2, '1', 0, '0'),
(157, 2, 2, '1', 0, '0.1'),
(158, 2, 2, '1', 0, '0.1'),
(159, 2, 2, '1', 0, '0.4'),
(160, 2, 2, '1', 0, '0.2'),
(161, 2, 2, '1', 0, '0.4'),
(162, 2, 2, '1', 0, '0.2'),
(163, 2, 2, '1', 0, '0.2'),
(164, 2, 2, '1', 0, '0.4'),
(165, 2, 2, '1', 0, '0.3'),
(166, 2, 2, '1', 0, '0.4'),
(167, 2, 2, '1', 0, '0.1'),
(168, 2, 2, '1', 0, '0.2'),
(169, 2, 2, '1', 0, '0.2'),
(170, 2, 2, '1', 0, '0.3'),
(171, 2, 2, '1', 0, '0.3'),
(172, 2, 2, '1', 0, '0.3'),
(173, 2, 2, '1', 0, '0.4'),
(174, 2, 2, '1', 0, '0.3'),
(175, 2, 2, '1', 0, '0.2'),
(176, 2, 2, '1', 0, '0'),
(177, 2, 2, '1', 0, '0.3'),
(178, 2, 2, '1', 0, '0.1'),
(179, 2, 2, '1', 0, '0.1'),
(180, 2, 2, '1', 0, '0.2'),
(181, 2, 2, '1', 0, '0.1'),
(182, 2, 2, '1', 0, '0.1'),
(183, 2, 2, '1', 0, '0.4'),
(184, 2, 2, '1', 0, '0'),
(185, 2, 2, '1', 0, '0.2'),
(186, 2, 2, '1', 0, '0.1'),
(187, 2, 2, '1', 0, '0.1'),
(188, 2, 2, '1', 0, '0'),
(189, 2, 2, '1', 0, '0'),
(190, 2, 2, '1', 0, '0.4'),
(191, 2, 2, '1', 0, '0'),
(192, 2, 2, '1', 0, '0.1'),
(193, 2, 2, '1', 0, '0'),
(194, 2, 2, '1', 0, '0.2'),
(195, 2, 2, '1', 0, '0.2'),
(196, 2, 2, '1', 0, '0.1'),
(197, 2, 2, '1', 0, '0.3'),
(198, 2, 2, '1', 0, '0.1'),
(199, 2, 2, '1', 0, '0.4'),
(200, 2, 2, '1', 0, '0'),
(201, 2, 2, '1', 0, '0'),
(202, 2, 2, '1', 0, '0.1'),
(203, 2, 2, '1', 0, '0.4'),
(204, 2, 2, '1', 0, '0'),
(205, 2, 2, '1', 0, '0'),
(206, 2, 2, '1', 0, '0.2'),
(207, 2, 2, '1', 0, '0.4'),
(208, 2, 2, '1', 0, '0.4'),
(209, 3, 3, '1', 0, '0.4'),
(210, 3, 3, '1', 0, '0.6'),
(211, 3, 3, '1', 0, '0.5'),
(212, 3, 3, '1', 0, '0.5'),
(213, 3, 3, '1', 0, '0.5'),
(214, 3, 3, '1', 0, '0.4'),
(215, 3, 3, '1', 0, '0.4'),
(216, 3, 3, '1', 0, '0.4'),
(217, 3, 3, '1', 0, '0.4'),
(218, 3, 3, '1', 0, '0.6'),
(219, 3, 3, '1', 0, '0.6'),
(220, 3, 3, '1', 0, '0.6'),
(221, 3, 3, '1', 0, '0.6'),
(222, 3, 3, '1', 0, '0.6'),
(223, 3, 3, '1', 0, '0.6'),
(224, 3, 3, '1', 0, '0.5'),
(225, 3, 3, '1', 0, '0.4'),
(226, 3, 3, '1', 0, '0.5'),
(227, 3, 3, '1', 0, '0.4'),
(228, 3, 3, '1', 0, '0.4'),
(229, 3, 3, '1', 0, '0.6'),
(230, 3, 3, '1', 0, '0.4'),
(231, 3, 3, '1', 0, '0.5'),
(232, 3, 3, '1', 0, '0.6'),
(233, 3, 3, '1', 0, '0.6'),
(234, 3, 3, '1', 0, '0.4'),
(235, 3, 3, '1', 0, '0.6'),
(236, 3, 3, '1', 0, '0.5'),
(237, 3, 3, '1', 0, '0.4'),
(238, 3, 3, '1', 0, '0.5'),
(239, 3, 3, '1', 0, '0.6'),
(240, 3, 3, '1', 0, '0.5'),
(241, 3, 3, '1', 0, '0.4'),
(242, 3, 3, '1', 0, '0.6'),
(243, 3, 3, '1', 0, '0.6'),
(244, 3, 3, '1', 0, '0.4'),
(245, 3, 3, '1', 0, '0.5'),
(246, 3, 3, '1', 0, '0.5'),
(247, 3, 3, '1', 0, '0.4'),
(248, 3, 3, '1', 0, '0.6'),
(249, 3, 3, '1', 0, '0.4'),
(250, 3, 3, '1', 0, '0.6'),
(251, 3, 3, '1', 0, '0.4'),
(252, 3, 3, '1', 0, '0.5'),
(253, 3, 3, '1', 0, '0.4'),
(254, 3, 3, '1', 0, '0.4'),
(255, 3, 3, '1', 0, '0.4'),
(256, 3, 3, '1', 0, '0.6'),
(257, 3, 3, '1', 0, '0.6'),
(258, 3, 3, '1', 0, '0.6'),
(259, 3, 3, '1', 0, '0.5'),
(260, 3, 3, '1', 0, '0.5'),
(261, 3, 3, '1', 0, '0.6'),
(262, 3, 3, '1', 0, '0.5'),
(263, 3, 3, '1', 0, '0.5'),
(264, 3, 3, '1', 0, '0.4'),
(265, 3, 3, '1', 0, '0.4'),
(266, 3, 3, '1', 0, '0.5'),
(267, 3, 3, '1', 0, '0.5'),
(268, 3, 3, '1', 0, '0.6'),
(269, 3, 3, '1', 0, '0.5'),
(270, 3, 3, '1', 0, '0.4'),
(271, 3, 3, '1', 0, '0.6'),
(272, 3, 3, '1', 0, '0.6'),
(273, 3, 3, '1', 0, '0.4'),
(274, 3, 3, '1', 0, '0.5'),
(275, 3, 3, '1', 0, '0.6'),
(276, 3, 3, '1', 0, '0.6'),
(277, 3, 3, '1', 0, '0.4'),
(278, 3, 3, '1', 0, '0.4'),
(279, 3, 3, '1', 0, '0.6'),
(280, 3, 3, '1', 0, '0.4'),
(281, 3, 3, '1', 0, '0.5'),
(282, 3, 3, '1', 0, '0.4'),
(283, 3, 3, '1', 0, '0.5'),
(284, 3, 3, '1', 0, '0.4'),
(285, 3, 3, '1', 0, '0.4'),
(286, 3, 3, '1', 0, '0.5'),
(287, 3, 3, '1', 0, '0.4'),
(288, 3, 3, '1', 0, '0.6'),
(289, 3, 3, '1', 0, '0.5'),
(290, 3, 3, '1', 0, '0.5'),
(291, 3, 3, '1', 0, '0.6'),
(292, 3, 3, '1', 0, '0.4'),
(293, 3, 3, '1', 0, '0.5'),
(294, 3, 3, '1', 0, '0.5'),
(295, 3, 3, '1', 0, '0.4'),
(296, 3, 3, '1', 0, '0.4'),
(297, 3, 3, '1', 0, '0.6'),
(298, 3, 3, '1', 0, '0.5'),
(299, 3, 3, '1', 0, '0.4'),
(300, 3, 3, '1', 0, '0.4'),
(301, 3, 3, '1', 0, '0.6'),
(302, 3, 3, '1', 0, '0.4'),
(303, 3, 3, '1', 0, '0.5'),
(304, 3, 3, '1', 0, '0.5'),
(305, 3, 3, '1', 0, '0.5'),
(306, 3, 3, '1', 0, '0.6'),
(307, 3, 3, '1', 0, '0.6'),
(308, 3, 3, '1', 0, '0.6'),
(309, 3, 3, '1', 0, '0.5'),
(310, 3, 3, '1', 0, '0.6'),
(311, 3, 3, '1', 0, '0.4'),
(312, 3, 3, '1', 0, '0.6'),
(313, 1, 1, '1', 0, '0.5'),
(314, 1, 1, '0', 1, '0.1'),
(315, 1, 1, '1', 0, '0.5'),
(316, 1, 1, '1', 0, '0.5'),
(316, 1, 2, '1', 0, '0.4'),
(317, 2, 2, '1', 0, '0.6'),
(317, 2, 1, '1', 0, '0.4');

-- --------------------------------------------------------

--
-- Table structure for table `groups`
--

CREATE TABLE `groups` (
  `groupID` int(11) NOT NULL,
  `title` varchar(255) NOT NULL,
  `userID` int(11) NOT NULL,
  `create_date` timestamp NOT NULL DEFAULT CURRENT_TIMESTAMP ON UPDATE CURRENT_TIMESTAMP
) ENGINE=InnoDB DEFAULT CHARSET=latin1;

--
-- Dumping data for table `groups`
--

INSERT INTO `groups` (`groupID`, `title`, `userID`, `create_date`) VALUES
(4, 'Assignment ', 1, '2019-04-17 07:42:54'),
(5, 'Website Design ', 2, '2019-04-28 13:54:31');

-- --------------------------------------------------------

--
-- Table structure for table `groups_details`
--

CREATE TABLE `groups_details` (
  `groupID` int(11) NOT NULL,
  `memberID` int(11) NOT NULL
) ENGINE=InnoDB DEFAULT CHARSET=latin1;

--
-- Dumping data for table `groups_details`
--

INSERT INTO `groups_details` (`groupID`, `memberID`) VALUES
(4, 2),
(5, 1);

-- --------------------------------------------------------

--
-- Table structure for table `user`
--

CREATE TABLE `user` (
  `id` int(11) NOT NULL,
  `name` varchar(50) NOT NULL,
  `gender` int(11) NOT NULL,
  `email` varchar(50) NOT NULL,
  `password` varchar(50) NOT NULL,
  `phone` varchar(200) NOT NULL,
  `status` int(11) NOT NULL,
  `create_date` timestamp NOT NULL DEFAULT CURRENT_TIMESTAMP ON UPDATE CURRENT_TIMESTAMP
) ENGINE=InnoDB DEFAULT CHARSET=latin1;

--
-- Dumping data for table `user`
--

INSERT INTO `user` (`id`, `name`, `gender`, `email`, `password`, `phone`, `status`, `create_date`) VALUES
(1, 'william', 0, 'william@gmail.com', '25d55ad283aa400af464c76d713c07ad', '0123456789098', 1, '2019-04-15 11:32:19'),
(2, 'zien', 0, 'zien@gmail.com', '25d55ad283aa400af464c76d713c07ad', '01334545645656', 1, '2019-04-15 06:42:56'),
(3, 'kaisen', 0, 'kaisen@gmail.com', '25d55ad283aa400af464c76d713c07ad', '012345123456', 1, '2019-04-26 04:05:13'),
(4, 'hong', 0, 'hong@gmail.com', '25d55ad283aa400af464c76d713c07ad', '01234123456', 1, '2019-04-26 04:07:11');

--
-- Indexes for dumped tables
--

--
-- Indexes for table `events`
--
ALTER TABLE `events`
  ADD PRIMARY KEY (`eventID`);

--
-- Indexes for table `groups`
--
ALTER TABLE `groups`
  ADD PRIMARY KEY (`groupID`);

--
-- Indexes for table `user`
--
ALTER TABLE `user`
  ADD PRIMARY KEY (`id`);

--
-- AUTO_INCREMENT for dumped tables
--

--
-- AUTO_INCREMENT for table `events`
--
ALTER TABLE `events`
  MODIFY `eventID` int(11) NOT NULL AUTO_INCREMENT, AUTO_INCREMENT=318;

--
-- AUTO_INCREMENT for table `groups`
--
ALTER TABLE `groups`
  MODIFY `groupID` int(11) NOT NULL AUTO_INCREMENT, AUTO_INCREMENT=6;

--
-- AUTO_INCREMENT for table `user`
--
ALTER TABLE `user`
  MODIFY `id` int(11) NOT NULL AUTO_INCREMENT, AUTO_INCREMENT=5;
COMMIT;

/*!40101 SET CHARACTER_SET_CLIENT=@OLD_CHARACTER_SET_CLIENT */;
/*!40101 SET CHARACTER_SET_RESULTS=@OLD_CHARACTER_SET_RESULTS */;
/*!40101 SET COLLATION_CONNECTION=@OLD_COLLATION_CONNECTION */;
